{
    "text": "\u3054\u8996\u8074\u3042\u308a\u304c\u3068\u3046\u3054\u3056\u3044\u307e\u3057\u305f",
    "segments": [
        {
            "id": 0,
            "seek": 0,
            "start": 0.0,
            "end": 3.6,
            "text": "\u3054\u8996\u8074\u3042\u308a\u304c\u3068\u3046\u3054\u3056\u3044\u307e\u3057\u305f",
            "tokens": [
                50364,
                9991,
                27333,
                8171,
                112,
                38538,
                50544
            ],
            "temperature": 0.0,
            "avg_logprob": -0.6124284863471985,
            "compression_ratio": 0.8571428571428571,
            "no_speech_prob": 0.6005641222000122
        }
    ],
    "language": "nn"
}